threshold,TPR_avg,FPR_avg
1,0.889842657,0.47451564
1.1,0.86465035,0.298228291
1.2,0.810099068,0.249728058
1.3,0.761563714,0.168270308
1.4,0.666895882,0.129471289
1.5,0.625677933,0.083014706
1.6,0.555646853,0.078252801
1.7,0.455701243,0.036179972
1.8,0.363255633,0.031418067
1.9,0.286396659,0.020406162
2,0.11974359,0.010882353
